"C2API_Version","Export_Date","Token","Precontext","Sentence","Postcontext"
"4.20.4","Mittwoch, den 23. Juni 2021, 23:08:11","längeren","Franken zwischen Huber+Suhner und Eisenbahnbrücke rund 40 000 m² verbaut werden.","Die Bauarbeiten werden sich über einen längeren Zeitraum erstrecken; das Unternehmen wird voraussichtlich Ende 2010 von der Oberdorfstrasse ins Hölzli umziehen.","Die Huber Fenster AG investiert an der St."
"4.20.4","Mittwoch, den 23. Juni 2021, 23:08:11","Mond","Während der Geist verschwommen ist, sind die Gefühle und die Sensitivität aber um so stärker, vor allem unter dem Fische-Mond bis am späten Samstagnachmittag.","Wenn der Mond dann um etwa 17 Uhr in den Widder eintritt, ist man nicht mehr ganz so empfindlich und verspürt wieder etwas mehr Tatendrang.","Wer arbeiten muss, sollte das am späten Sonntagnachmittag tun."
"4.20.4","Mittwoch, den 23. Juni 2021, 23:08:11","Mond","Wer arbeiten muss, sollte das am späten Sonntagnachmittag tun.","Dann trifft der Mond auf Saturn, der für Pflicht und Arbeit steht, und dann sinkt auch die Stimmungskurve etwas nach unten.","Monica Kissling"
"4.20.4","Mittwoch, den 23. Juni 2021, 23:08:11","Mond:",NA,"Sonne: Im Mai nimmt die Tageslänge weiter zu, von 14 Stunden und 23 Minuten auf 15 Stunden 36 Minuten. Mond: Neumond ist in diesem Monat am sechsten.","Drei Tage zuvor, am dritten, befindet er sich in Erdnähe, dasselbe ist auch am 29. nochmals der Fall."
"4.20.4","Mittwoch, den 23. Juni 2021, 23:08:11","Mond","Drei Tage zuvor, am dritten, befindet er sich in Erdnähe, dasselbe ist auch am 29. nochmals der Fall.","Im ersten Viertel sehen wir den Mond am 14., der Vollmond strahlt am 22.","Schliesslich befindet er sich am 29. im letzten Viertel."
"4.20.4","Mittwoch, den 23. Juni 2021, 23:08:11","Mond","Eher als Jux anzusehen ist ein Exponat vom 12.","Juli 1969, das zu einer Fahrt zum Mond via Gurten berechtigt.","Bauer, heute Leiter eines Arbeitslosen-Projekts, das historisches Rollmaterial mit zum Teil hochqualifizierten Fachleuten in Burgdorf restauriert, will möglichst viele Billetts vor der Vernichtung bewahren."
"4.20.4","Mittwoch, den 23. Juni 2021, 23:08:11","Mond»","Reiselustiger Männerchor","Reiselustig wirkten die Männer, denn dies zeigen die Titel «Zieh in die Welt» von Walter Höfling, der «Fliegermarsch» aus der Operette «Der fliegende Rittmeister» von Hermann Dostal, im Lied «Mann im Mond» von Tobias Künzel und im «Ol' Man River» aus dem Musical «Showboat» von Jerome Kern.","Beschwingt und unternehmungslustig zeigte sich der Männerchor auch in seinen Beiträgen."
"4.20.4","Mittwoch, den 23. Juni 2021, 23:08:11","Mond","Zwischenmenschliche Kontakte dürften im Moment noch unbelastet und anregend sein.","Am Sonntagmorgen gerät der Mond kurzfristig in einen kritischen Kontakt mit Saturn: Da reagiert man empfindlicher, und vielleicht liegt einem auch etwas auf dem Magen oder man ist ganz einfach nicht so recht fit.","Dank einer Jupiter-Sonne-Verbindung kommt man aber schnell wieder in Schwung."
"4.20.4","Mittwoch, den 23. Juni 2021, 23:08:11","Mond».","Noch bis am kommenden Sonntag findet die «Woche des offenen Dachs» statt.","Der erste Abend in dieser Veranstaltungs-Reihe stand unter dem Motto «Unser Mond». ","5 Seite «Unterrheintal»: «Eine"
"4.20.4","Mittwoch, den 23. Juni 2021, 23:08:11","Mond",NA,"5 Seite «Unterrheintal»: «Eine stahl dem Mond die »",NA
"4.20.4","Mittwoch, den 23. Juni 2021, 23:08:11","Mond",NA,"Eine «Feuerkugel» stahl dem Mond die «Show»","HEERBRUGG."
"4.20.4","Mittwoch, den 23. Juni 2021, 23:08:11","Mond","Oben auf dem Dach des Schulhauses werfen die geladenen Gäste der Reihe nach einen Blick durch die Teleskope - ganz nach dem Motto der Sternwarte der Kantonsschule: «Take a look.»","Der Mond steht im Mittelpunkt des ersten Abends im Rahmen der laufenden «Woche des offenen Dachs».","Den Mond in «Griffweite»"
"4.20.4","Mittwoch, den 23. Juni 2021, 23:08:11","Mond","Der Mond steht im Mittelpunkt des ersten Abends im Rahmen der laufenden «Woche des offenen Dachs».","Den Mond in «Griffweite»","Der Mond - oder «dä Moo», wie ihn Kantonsschullehrer Fritz Schocher zuvor in seinem einleitenden Kurzvortrag unten im Physikzimmer bezeichnet hatte - kann für einmal in ungewohnt grosser Grösse betrachtet werden."
"4.20.4","Mittwoch, den 23. Juni 2021, 23:08:11","Mond","Den Mond in «Griffweite»","Der Mond - oder «dä Moo», wie ihn Kantonsschullehrer Fritz Schocher zuvor in seinem einleitenden Kurzvortrag unten im Physikzimmer bezeichnet hatte - kann für einmal in ungewohnt grosser Grösse betrachtet werden.","Noch kurz zuvor hatte sich Schocher über die Eigenschaften des schon fast unvorstellbar weit entfernten, aber doch ständigen «Begleiters» des «blauen Planeten» beinahe ereifert."
"4.20.4","Mittwoch, den 23. Juni 2021, 23:08:11","Mond","«Eine Feuerkugel», sagt Fritz Schoch im ersten Moment begeistert, ist sich im zweiten aber doch nicht ganz sicher, ob es tatsächlich eine Leuchterscheinung der Grösse war, die mit diesem Namen bezeichnet wird.","Vielleicht war es auch nur ein kleiner Meteor - auf jeden Fall hat dieser dem Mond für einmal die «Show» gestohlen.","Jürg Roggenbauch"
"4.20.4","Mittwoch, den 23. Juni 2021, 23:08:11","Mond","Auch am 18.","August soll der Mond aufgehen: Der Chor der Musikschule Herisau (Leitung: Roman Rutishauser) singt Mondlieder.","«Was wächst da rund ums Chräzerli?»"
"4.20.4","Mittwoch, den 23. Juni 2021, 23:08:11","Mond,","Später stellte die Bahn vom Dampfbetrieb auf Elektrizität um, Spelterini flog mit dem Ballon, Zeppelin mit dem Luftschiff.","Dann kamen der Siegeszug von Auto und Flugzeug, und zuletzt flog man sogar auf den Mond, von wo aus die Astronauten so deutlich mit Präsident Nixon sprechen konnten «als wäre es von Mörschwil aus», wie Karl Zäch schreibt.","Ziegelei, Steinbruch, Post"
"4.20.4","Mittwoch, den 23. Juni 2021, 23:08:11","Mond","Zwei Mädchen kommentierten die Diaschau.","Auch der erste Mensch auf dem Mond habe sich die Erde anders vorgestellt, wurde berichtet.","Über der Antarktis sei der Ozonabbau am stärksten, erklärten die Mädchen und fügten hinzu: Die grösste Bedrohung komme von den Industrieländern."
"4.20.4","Mittwoch, den 23. Juni 2021, 23:08:11","Mond","Neben knisternder Erotik und neuen Bekanntschaften könnte er aber aufgrund von widersprüchlichen Bedürfnissen auch Spannungen und Konflikte bringen.","Trotzdem sollte man aktiv sein: Wenn am späteren Freitag abend der Mond in den Widder wechselt, ist der Zeitpunkt ideal, um sich ins Nachtleben zu stürzen.","Aktives Wochenende"
"4.20.4","Mittwoch, den 23. Juni 2021, 23:08:11","Mond","Bereits der heutige Dienstag ist ein Tag der grossen Pläne: das können berufliche wie auch Ferienpläne sein.","Und wenn von morgen Mittwoch bis Freitagmittag der Mond durch die Zwillinge wandert, bekommt man noch zusätzliche Anregungen.","Morgen Mittwoch gibt es zwar kurzfristig eine kritische Konstellation von Mond und Pluto: dann können unverdaute Gefühle nochmals hochkommen."
"4.20.4","Mittwoch, den 23. Juni 2021, 23:08:11","Mond","Und wenn von morgen Mittwoch bis Freitagmittag der Mond durch die Zwillinge wandert, bekommt man noch zusätzliche Anregungen.","Morgen Mittwoch gibt es zwar kurzfristig eine kritische Konstellation von Mond und Pluto: dann können unverdaute Gefühle nochmals hochkommen.","Am Donnerstag sieht aber schon alles wieder anders aus:Mit dem Neumond in den Zwillingen und anderen harmonischen Mond-Konstellationen ist das das der günstigste Tag der Woche - hervorragend geeignet für den Start neuer Projekte sowie die Kommunikation ganz allgemein."
"4.20.4","Mittwoch, den 23. Juni 2021, 23:08:11","Mond","Die Krebs-Venus zeigt an, dass man sich nach verlässlichen Werten sehnt und wieder mehr Sicherheit im emotionalen Bereich braucht.","So richtig spürbar wird das aber vielleicht erst ab Freitagmittag, wenn der Mond die Zwillinge verlässt und ebenfalls in den Krebs tritt.","Dann ist die Zeit zum Schmusen und Kuscheln gekommen."
"4.20.4","Mittwoch, den 23. Juni 2021, 23:08:11","Mond","Wer zusammen mit seinem Liebsten in Gefühlen schwelgen möchte, der wählt am besten den Freitagabend.","Dann treffen sich nämlich Mond und Venus im Krebs: Das ist ein vielversprechender Abend, ganz besonders für Liebesromanzen.","Weil der Mond aber nicht sichtbar ist, kann man diese spezielle Stimmung leider nicht beim Mondscheinspaziergang geniessen, sollte aber auf jeden Fall einem romantischen Ambiente den Vorzug geben."
"4.20.4","Mittwoch, den 23. Juni 2021, 23:08:11","Mond","Dann treffen sich nämlich Mond und Venus im Krebs: Das ist ein vielversprechender Abend, ganz besonders für Liebesromanzen.","Weil der Mond aber nicht sichtbar ist, kann man diese spezielle Stimmung leider nicht beim Mondscheinspaziergang geniessen, sollte aber auf jeden Fall einem romantischen Ambiente den Vorzug geben.","Ausklang zum Träumen"
"4.20.4","Mittwoch, den 23. Juni 2021, 23:08:11","Mond","Wer sich nicht recht wohl fühlt, zieht sich nun eher in die eigenen vier Wände zurück.","Wenn sich am Samstagabend Mond und Saturn verbinden, könnte ein solcher Rückzugsmoment eintreten, vielleicht weil man enttäuscht ist, nicht das zu bekommen, was man sich wünscht.","Wer sich einfach nur beleidigt zurückzieht und hofft, dass andere auf ihn zukommen, könnte auch am Sonntag noch mit unerfüllten Sehnsüchten zu kämpfen haben."
"4.20.4","Mittwoch, den 23. Juni 2021, 23:08:11","Mond","Dieser war sogar so gross, dass er nach einer gesanglichen Zugabe rief.","Und nebst dieser wurde schliesslich auch noch das Gedicht «Der Mond ist aufgegangen» von Mathias Claudius vorgetragen.",NA
"4.20.4","Mittwoch, den 23. Juni 2021, 23:08:11","Mond","Am meisten Meter umfasst dabei das Jahr 1816, das «Liederjahr», während dem Schubert die Lieder zu Dutzenden komponiert hat.","Da folgt auf «Die Perle» «Pflicht und Liebe», weiter kommen «An den Mond (Was schauest du so hell)», «Mignon (So lass mich erscheinen, bis ich werde)», eine «Ouvertüre in B» und das «Streichtrio in B».","Dazwischen liegen die wichtigsten Autographen in Schaukästen."
"4.20.4","Mittwoch, den 23. Juni 2021, 23:08:11","Mond","Macht des Mondes","So nah wie der Mond kommt uns kein anderer Himmelskörper.","Nicht nur das Wasser mit den Gezeiten von Ebbe und Flut, sondern auch die Menschen bekommen seine Macht zu spüren - Chronobiologen untersuchen, wie.5 «Wissen»"
"4.20.4","Mittwoch, den 23. Juni 2021, 23:08:11","Mond","Die Macht des Mondes","Chronobiologen untersuchen, wie der Mond die Organismen der Erde beeinflusst - auch den Menschen","Auf vielfältige, wenn auch in der Regel sehr unauffällige Weise beeinflusst der Mond das Leben auf der Erde."
"4.20.4","Mittwoch, den 23. Juni 2021, 23:08:11","Mond","Chronobiologen untersuchen, wie der Mond die Organismen der Erde beeinflusst - auch den Menschen","Auf vielfältige, wenn auch in der Regel sehr unauffällige Weise beeinflusst der Mond das Leben auf der Erde.","Die Chronobiologie, welche sich den rhythmischen Abläufen in der Natur widmet, hat auch den Mond seit langem als einen Faktor ins Auge gefasst."
"4.20.4","Mittwoch, den 23. Juni 2021, 23:08:11","Mond","Auf vielfältige, wenn auch in der Regel sehr unauffällige Weise beeinflusst der Mond das Leben auf der Erde.","Die Chronobiologie, welche sich den rhythmischen Abläufen in der Natur widmet, hat auch den Mond seit langem als einen Faktor ins Auge gefasst.","Denn so nah wie er kommt uns kein anderer Himmelskörper, und nicht nur das Wasser mit Ebbe und Flut bekommt seine Macht zu spüren."
"4.20.4","Mittwoch, den 23. Juni 2021, 23:08:11","Mond","Würde man sie nämlich von der Umwelt abschirmen, dann stiesse man in vielen Fällen auf einen Schlaf-Wach-Rhythmus von 25 Stunden.","Es ist dies nur ein Beispiel für die vielen Einflüsse, die vom Mond ausgehen.","Einflüsse, die wissenschaftlich durchaus belegt sind, und denen die zwei Biologen Klaus-Peter Endres und Wolfgang Schad in einem kürzlich erschienenen Buch nachgehen*."
"4.20.4","Mittwoch, den 23. Juni 2021, 23:08:11","Mond:","Seine Bewegungsaktivität ist abends und nachts am grössten, sowie etwa drei Stunden vor dem täglichen Tiefststand des Mondes unter dem Horizont, während Voll- und besonders Neumond.","Auch die Honigbiene «kennt» den Mond: Sie fliegt am aufgeregtesten an Tagen des Vollmondes, wenn die Waben nord-südlich standen und das Ausflugloch nach Norden ging.","Unter den Wirbeltieren ist der Aal ein gutes Beispiel für mondperiodisches Verhalten."
"4.20.4","Mittwoch, den 23. Juni 2021, 23:08:11","Mond","Diese Blankaal-Wanderungen sind, wie die Fangbücher der Fischer vom Oberrhein feststellen, vom Wasserstand, der Temperatur, der Tages- und Jahreszeit und der Mondphase abhängig.","Die grössten Fänge wurden gemacht im Herbst bei steigendem oder hohem Wasserstand, nicht zu kaltem, aber wolkigen Wetter, in der Nacht, und wenn der Mond im dritten Viertel stand.","Nicht nur Regenwurm und Aal spüren die Mondrhythmik und folgen ihr."
"4.20.4","Mittwoch, den 23. Juni 2021, 23:08:11","Mond.","Der Mittwoch ist ein kritischer und wichtiger Tag.","Der Kontakt- und Kommunikationsplanet Merkur steht dann in den Zwillingen in Spannung mit Pluto und Mond. Deshalb reagiert man an diesem Tag sehr emotional, nicht immer so flexibel und distanziert, wie man es unter starken Zwillinge-Konstellationen erwarten würde.",NA
"4.20.4","Mittwoch, den 23. Juni 2021, 23:08:11","Mond","Dabei besteht die Gefahr, dass man alles verliert, oder dass man andere manipuliert oder unter Druck setzt.","Es könnte sich deshalb lohnen, mit wichtigen Entscheidungen bis zum Donnerstag zu warten, weil dann der Mond harmonisch steht und die exakte Sonne-Jupiter-Konstellation unterstützend wirkt in bezug auf Offenheit, Toleranz und Entgegenkommen.","Alles in allem ist diese Woche im Vergleich zur letzten nicht mehr ganz so unbeschwert, weil die angespannte Verbindung von Merkur und Pluto, die bis etwa Freitag spürbar ist, einige «Altlasten» hochbringen kann."
"4.20.4","Mittwoch, den 23. Juni 2021, 23:08:11","Mond","Nachtschwärmer könnten in den frühen Morgenstunden des Sonntags einigen Stimmungsschwankungen unterliegen.","Ein disharmonischer Kontakt von Mond und Venus macht es nicht leicht, unterschiedliche Bedürfnisse unter einen Hut zu kriegen.","Gefühl und Lustprinzip wollen nicht so recht zusammen, und so könnte man mit Entscheidungsproblemen zu kämpfen haben."
"4.20.4","Mittwoch, den 23. Juni 2021, 23:08:11","Mond","Einen Tag vor einer Vollmondnacht lädt Kurt Aeschbacher zur Mondschein-Party in der «Casa Nostra» ein.","Ein kunterbuntes Völklein gibt sich im Gästehaus ein Stelldichein: Die Bestsellerautorin und Tiroler Volkskundlerin Johanna Paungger weiss über den Mond und seine Einflüsse auf den Menschen zu berichten.","Dr."
"4.20.4","Mittwoch, den 23. Juni 2021, 23:08:11","Mond»","Jahrhundert.","Kurze Gesänge von Palestrina und Monteverdi, ein Ausschnitt aus Schuberts «Nachtgesang» und Robert Schumanns Zyklus «Frauenliebe und -leben» folgten, dann nochmals ein Sprung zu einem Sprechchor von Wladimir Vogel, dem neckischen «Mann im Mond» der deutschen Gruppe «Die Prinzen» und John Cages «4 Minuten 33 Sekunden», wovon allerdings nur ein Viertel geschwiegen wurde; fast fünf Minuten Schweigen wollte Scheuber dem Publikum nicht zumuten.","Lokale Netzwerke pflegen"
"4.20.4","Mittwoch, den 23. Juni 2021, 23:08:11","Mond","Der Wunsch, etwas zu erleben, zu sehen und gesehen zu werden, drängt einen aus dem Haus, und tatsächlich ist dies der beste Abend der Woche, was die gute Laune anbelangt.","Noch ist der Mond im Widder, was auf Dynamik und Unternehmenslust deutet.","Am Sonntag steht der Mond dann im Stier in angespannter Verbindung mit Venus und Uranus - das könnte wiederum für einige Stimmungsschwankungen sorgen man nicht recht weiss, was man nun eigentlich will."
"4.20.4","Mittwoch, den 23. Juni 2021, 23:08:11","Mond","Noch ist der Mond im Widder, was auf Dynamik und Unternehmenslust deutet.","Am Sonntag steht der Mond dann im Stier in angespannter Verbindung mit Venus und Uranus - das könnte wiederum für einige Stimmungsschwankungen sorgen man nicht recht weiss, was man nun eigentlich will.","Man schwankt zwischen Anlehnungsbedürfnis und Freiheitsdrang und ist dabei etwas unberechenbar."
"4.20.4","Mittwoch, den 23. Juni 2021, 23:08:11","Mond","Ab Donnerstagabend herrscht eine sehr emotionale Stimmung.","Der Mond tritt in den Krebs und steht dort am Freitag in Spannung mit Mars.","Deshalb reagiert man schnell und heftig, und Gefühle können ziemlich unkontrolliert an die Oberfläche kommen."
"4.20.4","Mittwoch, den 23. Juni 2021, 23:08:11","Mond","In diesem Fall neigt man zu einer pessimistischen, einseitigen Meinung und muss sich mit verletzenden und zynischen Bemerkungen zurückhalten.","Wenn am Sonntag Mond und Venus im Löwen und Uranus in Spannung stehen, bekommen Gefühle eine dramatische Note.","Man handelt unter Umständen, ohne die Folgen abzuschätzen."
"4.20.4","Mittwoch, den 23. Juni 2021, 23:08:11","Mond","Dennoch bleibt der Mars der erdnächste Punkt im Weltraum, auf dem es Leben gegeben haben könnte.","Ausserdem ist er für die Erdenbewohner nach dem Mond der nächste Himmelskörper, auf dem Astronauten landen könnten.","Das andere mögliche Ziel, die Venus, ist schon vor Jahrzehnten ausgefallen, nachdem Raumsonden bei ihr eine Oberflächen-Temperatur von annähernd 500 Grad Celsius gemessen hatten."
"4.20.4","Mittwoch, den 23. Juni 2021, 23:08:11","Mond","Während am Freitag harmonische Einflüsse des Mondes noch für mehr oder weniger Ausgeglichenheit sorgen, bieten die Sterne amWochenende ein gemischtes Programm.","Während der Mond in der Waage und die Venus im Löwen Lebensfreude und Toleranz signalisieren, brauen sich gleichzeitig einige Spannungskonstellationen zusammen.","Diese könnten Hektik und Aufregung, aber auch Hindernisse und Schwierigkeiten bringen."
"4.20.4","Mittwoch, den 23. Juni 2021, 23:08:11","Mond","Eine stabile Mitte zu finden, fällt jetzt schwer, und so ist dieses Wochenende für wichtige Entscheidungen nicht geeignet.","Am Sonntagabend, wenn der Mond bei Uranus im Wassermann steht, kann sich denn auch schon wieder ganz überraschend eine Gefühlswende abzeichnen.","Die Wochenend-Konstellation macht es schwierig, Grenzen zu setzen, und so besteht eine Tendenz zum Überborden in verschiedener Hinsicht."
"4.20.4","Mittwoch, den 23. Juni 2021, 23:08:11","Mond","Im Kalendarium des soeben erschienenen Appenzeller Kalenders für das Jahr 1998 ist eine von vielen Leserinnen und Lesern gewünschte Präzisierung vorgenommen worden.","Auf die Stunde genau gibt der Appenzeller Kalender nun Auskunft, in welchem Tierkreiszeichen der Mond steht.","Ein Beispiel: Steht der Mond am Samstag, 9."
"4.20.4","Mittwoch, den 23. Juni 2021, 23:08:11","Mond","Auf die Stunde genau gibt der Appenzeller Kalender nun Auskunft, in welchem Tierkreiszeichen der Mond steht.","Ein Beispiel: Steht der Mond am Samstag, 9.","Mai 1998, im Zeichen der Waage oder des Krebses?"
"4.20.4","Mittwoch, den 23. Juni 2021, 23:08:11","Mond",""""" «Obsigend und nidsigend» hat nichts mit den Mondphasen zu tun, sondern allein mit dem Lauf des Mondes über den Horizont.","Steht der Mond am gleichen Ort im Tierkreis wie die Sonne am kürzesten Tag, so ist er in Tiefststellung.","Der Mond steht tief über dem Südhorizont und steigt nun täglich, er läuft «obsigend»."
"4.20.4","Mittwoch, den 23. Juni 2021, 23:08:11","Mond","Steht der Mond am gleichen Ort im Tierkreis wie die Sonne am kürzesten Tag, so ist er in Tiefststellung.","Der Mond steht tief über dem Südhorizont und steigt nun täglich, er läuft «obsigend».","Mit dem Zeichen der Zwillinge hat er seine Höchststellung erreicht."
"4.20.4","Mittwoch, den 23. Juni 2021, 23:08:11","Mond","Bei «obsigend» soll gepflanzt werden, was in die Höhe wächst, eine Quelle gefasst, ein Wassergraben ausgestochen, ein Miststock auf die Wiese versetzt werden.","Allerdings nur bei zunehmendem Mond sollten die Haare geschnitten werden.","Bei «nidsigend» soll der Mist ausgetragen werden, denn sonst bleibt der Mist bis zum Heuet liegen."
"4.20.4","Mittwoch, den 23. Juni 2021, 23:08:11","Mond","Empfohlen wird das Pflanzen von Kartoffeln und Rüben.","Bei «nidsigend», aber nur bei abnehmendem Mond soll das Bauholz für ein Haus geschlagen werden.",""""""
"4.20.4","Mittwoch, den 23. Juni 2021, 23:08:11","Mond»","Pro Tag werden auf der «Kreuzegg» rund 12 bis 15 Kubikmeter Rundholz verarbeitet.","«Nidsigehender Mond» ","Robert Manser, Bauherr auf der «Kreuzegg», schlug die 100 bis 150 Jahre alten Bergfichten im letzten Frühherbst im eigenen Wald nördlich der Kreuzegg."
"4.20.4","Mittwoch, den 23. Juni 2021, 23:08:11","Mond,","Robert Manser, Bauherr auf der «Kreuzegg», schlug die 100 bis 150 Jahre alten Bergfichten im letzten Frühherbst im eigenen Wald nördlich der Kreuzegg.","«Natürlich bei nidsigehendem Mond, wie es eben bei traditionsbewussten Holzern noch üblich sei, verrät Manser.","Mit der 700 Meter langen Seilbahn der Gebrüder Rüegg aus Goldingen wurden die Rundhölzer aus den beiden vom Revierförster Urs Kern bestimmten Schlägen zum Berg verfrachtet."
"4.20.4","Mittwoch, den 23. Juni 2021, 23:08:11","Mond.","Kühn erheben sich die Berge.","Hinter ihren stolzen, steil aufragenden Felsen verbirgt sich ein scheuer Mond. Ein alter Mann sitzt dort, lächelt vor sich hin und verschwindet vor meinen Augen.",NA
"4.20.4","Mittwoch, den 23. Juni 2021, 23:08:11","Mond","Auch wenn einem vielleicht der Liebeskummer und die Probleme der vergangenen Woche noch schwer auf dem Magen liegen, sieht man die Welt am Wochenende nicht mehr ganz so schwarz.","Zwar bringt die Mond-Neptun-Verbindung am Samstag morgen noch nicht unbedingt die gewünschte Stimmungsverbesserung, doch wenn am Mittwoch der Mond in den Löwen wechselt, hat man bereits wieder mehr Energie und ist eher bereit, die Initiative zu ergreifen.","Im Verlauf des Tages wie auch in der Nacht auf den Sonntag zeichnen sich dann Konstellationen ab, die einerseits Leidenschaft und Intensität versprechen, und anderseits wieder deutlich mehr Anlass zu Optimismus und Hoffnung bieten."
"4.20.4","Mittwoch, den 23. Juni 2021, 23:08:11","Mond.","Draussen indes liebkost mit dem Plantanos flüsternd die Pinie,","Und bald steiget herauf vom Capitole der Mond. ","Aber was gibt's?"
"4.20.4","Mittwoch, den 23. Juni 2021, 23:08:11","Mond","* kurt schiesser","Knochige Indianergesichter, gefärbte Bisonschädel, den Mond anheulende Wölfe, einzigartige Ledergürtel in allen vorstellbaren Designs, Geldbörsen, verziert mit Harley-Davidson-Motoren, religiös anmutenden Motiven, elegante Messerscheiden, verzierte Motorradsättel: Wer Willys Leder-Workshop betritt, taucht in eine andere Welt ein, in die Welt der Lederhandwerkskunst: Einige der verwendeten Werkzeuge erinnern an einen fast schon vergessenen Beruf, den des Sattlers: Ledernähmaschinen, Drehmesser, Punziereisen.","Nur 25 solcher LederWorkshops gibt es in unserem Land."
"4.20.4","Mittwoch, den 23. Juni 2021, 23:08:11","Mond","Und weil Neptun stark steht, muss man sich vor zu hohen Erwartungen hüten, sonst kann es leicht zu Enttäuschungen kommen.","Wenn am Sonntag der Mond im Skorpion und der Mars in kritischer Position steht, können schmerzliche und auch leidenschaftliche Gefühle unerwartet an die Öffentlichkeit kommen.","Man reagiert sehr emotional, ohne lange zu überlegen."
"4.20.4","Mittwoch, den 23. Juni 2021, 23:08:11","Mond","Offensichtlich hatte Malcolm Redman nach dem Abendessen plötzlich den Einfall gehabt, mit seiner Verlobten eine Ruderbootfahrt auf dem nahegelegenen Fluss zu machen.","«Der Mond schien hell.. ., Sie wissen ja, wie das ist», sagte Redman entschuldigend.","«Als wir mitten auf dem Fluss waren, machten wir ein bisschen Unfug, und Jane fiel ins Wasser.»"
"4.20.4","Mittwoch, den 23. Juni 2021, 23:08:11","Mond","Redman war sehr bewegt, als er Carter die Geschichte erzählte.","«Dieser verdammte Mond verschwand hinter eine Wolke, und ich konnte nicht die Spur sehen.»","Nach etwa zehn Minuten habe er die Suche aufgegeben."
"4.20.4","Mittwoch, den 23. Juni 2021, 23:08:11","Mond.","Auf dem Programm stehen Lieder von Roelli bis Swing, zarte, humorvolle Kindernachtgebete von Ringenatz und frechere Nachtwünsche von Mozart.","Das nächtliche Sehnen einer Waldgeiss wird besungen und das Leben eigenartiger Mondbewohner, wie zum Beispiel das von der Mondschaft, oder dem Mann im Mond. Die Chorschule Herisau besteht aus zirka 30 Sänger und Sängerinnen.bl.",NA
"4.20.4","Mittwoch, den 23. Juni 2021, 23:08:11","Mond.","Auf dem Programm stehen Lieder von Roelli bis Swing, zarte, humorvolle Kindernachtgebete von Ringenatz und frechere Nachtwünsche von Mozart.","Das nächtliche Sehnen einer Waldgeiss wird besungen und das Leben eigenartiger Mondbewohner, wie zum Beispiel das vom dem Mondschaft, oder dem Mann im Mond. Die Chorschule Herisau besteht aus zirka 30 Sänger und Sängerinnen.bl.",NA
"4.20.4","Mittwoch, den 23. Juni 2021, 23:08:11","Mond","* Heini Schwendener","Am Donnerstag abend, dem letzten Tag der Freilicht-Kino-Veranstaltung, strahlt Rohy Batliwala mit dem Mond am Abendhimmel um die Wette.","«Unter solchen Umständen könnte man das Open-air-Kino noch tagelang weiterführen», sagt er mit Blick auf das Publikum, das an der Kasse Schlange steht."
"4.20.4","Mittwoch, den 23. Juni 2021, 23:08:11","Mond","Am frühen Samstagmorgen wechselt die Sonne das Sternzeichen und wandert vom feurigen Löwen in die gemässigtere Jungfrau.","Man würde also meinen, dass damit ein ruhiges Wochenende bevorsteht, zumal sich auch der Mond in diesen zwei Tagen im beständigen Stier aufhält.","Von Ruhe ist allerdings nicht viel zu spüren, und wer sich auf ein entspanntes und ausgeglichenes Wochenende freut, wird vermutlich enttäuscht."
"4.20.4","Mittwoch, den 23. Juni 2021, 23:08:11","Mond","Es ist deshalb kein Zufall, dass der Appenzeller Verlag auch für 1998 einen Saat- undPflanzkalender nach Mondstand und Sternzeichen herausgibt.","Der Kalender zeigt an, wie der Mond Pflege und Wachstum von Zier- und Nutzpflanzen beeinflusst.","Jedem Monat ist eine Doppelseite mit dem Monatsblatt des Appenzeller Kalenders gewidmet."
"4.20.4","Mittwoch, den 23. Juni 2021, 23:08:11","Mond»","* peter surber","Es mag Zufall sein, dass der eine, der 1979 gestorbene St.Galler Dichter Joseph Kopf, «todhelle» Gedichte schreibt, dass der andere, Franz Schubert, in einem seiner befremdlichsten Lieder «Grab und Mond» anruft.","Oder vielleicht doch kein Zufall - beide, Kopf wie Schubert, kannten das Dunkle des Lebens, ahnten das noch Dunklere des Todes."
"4.20.4","Mittwoch, den 23. Juni 2021, 23:08:11","Mond","Die Konfliktgefahr ist deutlich geringer, und man zeigt sich vielmehr von der genussfreudigen Seite.","Von Freitagabend bis Sonntag steht der Mond im Löwen, und das ist gut, weil es die Lebenslust, den Tatendrang und den Optimismus steigert.","Am Samstag gibt es zudem sehr dynamische Konstellationen, die zur Aktivität und Geselligkeit auffordern."
"4.20.4","Mittwoch, den 23. Juni 2021, 23:08:11","Mond","Ein milder Samstagabend am See wischen «Arion» und «Idyll».","Der Mond scheint goldorange über die Dächer der Badhütte und spiegelt sich im leicht wellenden Wasser.","Gut gelaunte Menschen flanieren den Ständen entlang auf der Promenade oder sitzen an den von freiwilligen Helfern aufgebauten Tischen, geniessen die einmalige Athmosphäre."
"4.20.4","Mittwoch, den 23. Juni 2021, 23:08:11","Mond..","Schaufelberger","Ursina Gregori und Charlotte Widmer waren bereits mit ihrem ersten gemeinsamen Programm «Ja, wenn der Mond.. .»","Gäste von «Open opera»; vor vollbesetzter Kreuzbleiche-Turnhalle standen sie nun auch mit ihrer zweiten Produktion auf der Bühne."
"4.20.4","Mittwoch, den 23. Juni 2021, 23:08:11","Mond","Neue Sicht","Rechtzeitig aufs Wochenende wechselt der Mond am Samstag morgen vom Steinbock in den Wassermann, und das verspricht immerhin etwas Auflockerung nach einer nicht gerade einfachen Woche.","Der Wassermann, ein vorwärtsstrebendes und vielseitig interessiertes Sternzeichen, zeigt an, dass man die Aufmerksamkeit wieder mehr in die Zukunft richten kann und sich von der Vergangenheit allmählich löst."
"4.20.4","Mittwoch, den 23. Juni 2021, 23:08:11","Mond","Keine andere Weltraumnation verfügt über einen so grossen Erfahrungsschatz in der bemannten Raumfahrt wie Russland.","Nach dem verlorenen Wettlauf auf den Mond begann die damalige Sowjetunion mit der Realisierung eines Raumstationsprogramms.","Der Aufenthalt auf den Saljut-Stationen wurde sukzessive verlängert."
"4.20.4","Mittwoch, den 23. Juni 2021, 23:08:11","Mond","Radio DRS1, 09.35","Der Mond bewegt seit jeher das Gemüt der Menschen.","Insbesondere auch jenes der Dichter."
"4.20.4","Mittwoch, den 23. Juni 2021, 23:08:11","Mond","Insbesondere auch jenes der Dichter.","In allen literarischen Epochen erscheint der Mond immer wieder in den verschiedensten poetischen Landschaften.","Ein Tag vor dem Vollmond liest die Schauspielerin Valerie Steinmann Gedichte von Matthias Claudius bis Albert Ehrismann."
"4.20.4","Mittwoch, den 23. Juni 2021, 23:08:11","Mond","Morgen beginnt um 19.33 Uhr die letzte totale Mondfinsternis in diesem Jahrhundert, die in Mitteleuropa beobachtet werden kann.","Der Mond soll nach Prognosen der Fachleute während dessen einen rötlichen Schimmer aufweisen.","Im Gegensatz zur Sonnenfinsternis dauert eine Mondfinsternis länger und kann theoretisch von jedem Punkt der Erde beobachtet werden."
"4.20.4","Mittwoch, den 23. Juni 2021, 23:08:11","Mond.","Auf was ist dieser Unterschied zurückzuführen?","Die Erde ist viermal grösser als der Mond. Der Mond ist scheinbar gleich gross wie die Sonne, da diese 400mal grösser, aber im Mittel 390mal weiter von der Erde als der Mond entfernt ist.",NA
"4.20.4","Mittwoch, den 23. Juni 2021, 23:08:11","Mond","Die Erde ist viermal grösser als der Mond.","Der Mond ist scheinbar gleich gross wie die Sonne, da diese 400mal grösser, aber im Mittel 390mal weiter von der Erde als der Mond entfernt ist.","Das wirkt sich auf die Dauer der jeweiligen Finsternis aus."
"4.20.4","Mittwoch, den 23. Juni 2021, 23:08:11","Mond","Die Erde ist viermal grösser als der Mond.","Der Mond ist scheinbar gleich gross wie die Sonne, da diese 400mal grösser, aber im Mittel 390mal weiter von der Erde als der Mond entfernt ist.","Das wirkt sich auf die Dauer der jeweiligen Finsternis aus."
"4.20.4","Mittwoch, den 23. Juni 2021, 23:08:11","Mond","Das wirkt sich auf die Dauer der jeweiligen Finsternis aus.","Bei einer totalen Mondfinsternis steht die Erde zwischen Sonne und Mond auf einer Linie und wirft einen Schatten auf den Mond, der breiter als der Monddurchmesser ist.","Steht der Mond zwischen Sonne und Erde, wie dies bei der Sonnenfinsternis der Fall ist, so wird nur ein schmaler Schatten auf die Erde geworfen."
"4.20.4","Mittwoch, den 23. Juni 2021, 23:08:11","Mond,","Das wirkt sich auf die Dauer der jeweiligen Finsternis aus.","Bei einer totalen Mondfinsternis steht die Erde zwischen Sonne und Mond auf einer Linie und wirft einen Schatten auf den Mond, der breiter als der Monddurchmesser ist.","Steht der Mond zwischen Sonne und Erde, wie dies bei der Sonnenfinsternis der Fall ist, so wird nur ein schmaler Schatten auf die Erde geworfen."
"4.20.4","Mittwoch, den 23. Juni 2021, 23:08:11","Mond","Bei einer totalen Mondfinsternis steht die Erde zwischen Sonne und Mond auf einer Linie und wirft einen Schatten auf den Mond, der breiter als der Monddurchmesser ist.","Steht der Mond zwischen Sonne und Erde, wie dies bei der Sonnenfinsternis der Fall ist, so wird nur ein schmaler Schatten auf die Erde geworfen.","Die Dauer der Sonnenfinsternis ist deshalb kurz und kann nur an bestimmten Orten der Erde verfolgt werden."
"4.20.4","Mittwoch, den 23. Juni 2021, 23:08:11","Mond","Auf wenige Minuten genau, denn die Mondbahnen können heute exakt bestimmt werden.","Der Mond bewegt sich von der Erde weg.","Hat dies sprübare Folgen für die Berechnung der Ereigniszeit der Finsternis?"
"4.20.4","Mittwoch, den 23. Juni 2021, 23:08:11","Mond","Für die Berechnung ist dies vernachlässigbar.","Ausserdem können wir heute exakt messen, wie schnell sich der Mond von der Erde entfernt.","Denn seit der ersten Mondlandung 1969 steht ein Spiegel auf dem Mond, der jeweils jene Laserstrahlen auf die Erde reflektiert, die von der Erde auf den Mond gesandt wurden."
"4.20.4","Mittwoch, den 23. Juni 2021, 23:08:11","Mond,","Ausserdem können wir heute exakt messen, wie schnell sich der Mond von der Erde entfernt.","Denn seit der ersten Mondlandung 1969 steht ein Spiegel auf dem Mond, der jeweils jene Laserstrahlen auf die Erde reflektiert, die von der Erde auf den Mond gesandt wurden.","So kann die Distanz genau gemessen werden."
"4.20.4","Mittwoch, den 23. Juni 2021, 23:08:11","Mond","Ausserdem können wir heute exakt messen, wie schnell sich der Mond von der Erde entfernt.","Denn seit der ersten Mondlandung 1969 steht ein Spiegel auf dem Mond, der jeweils jene Laserstrahlen auf die Erde reflektiert, die von der Erde auf den Mond gesandt wurden.","So kann die Distanz genau gemessen werden."
"4.20.4","Mittwoch, den 23. Juni 2021, 23:08:11","Mond","So kann die Distanz genau gemessen werden.","Theoretisch müsste der Mond während der Finsternis völlig dunkel erscheinen.","Fachleute sagen aber voraus, dass der Mond während der Finsternis in einem grünlich-roten Schimmer liegt."
"4.20.4","Mittwoch, den 23. Juni 2021, 23:08:11","Mond","Theoretisch müsste der Mond während der Finsternis völlig dunkel erscheinen.","Fachleute sagen aber voraus, dass der Mond während der Finsternis in einem grünlich-roten Schimmer liegt.","Auf was ist dies zurückzuführen?"
"4.20.4","Mittwoch, den 23. Juni 2021, 23:08:11","Mond","Der Stier-Mond deutet auf einen ruhigen Wochenendeinstieg und bringt zunächst eine gewisse Bequemlichkeit und den Wunsch, es sich möglichst gemütlich zu machen.","Wenn der Mond dann aber am Samstag abend dem Mars gegenüber steht, versetzt ihm das einen Energieschub.","Statt vor demFernseher zu sitzen, unternimmt man deshalb aktiv etwas, um überschüssige Energien abzubauen."
"4.20.4","Mittwoch, den 23. Juni 2021, 23:08:11","Mond","Andernfalls können sich innere Unruhe und Gereiztheit unangenehm bemerkbar machen.","Am Sonntag morgen wechselt der Mond dann ins kontaktfreudige Sternzeichen Zwillinge, und damit ist ein aktiver Tag angesagt.","Monica Kissling"
"4.20.4","Mittwoch, den 23. Juni 2021, 23:08:11","Mond","Anderseits gerade recht zum Unterricht.","Auf der Schulwandtafel anstelle des Vorhangs steht geschrieben das Märchen vom hoffenden Kind auf der toten Erde unterm toten Himmel und einem Mond wie «faul Holz».","Dann erzählt ein Narr das Märchen, darauf der junge Regisseur Andreas von Studnitz den «Woyzeck» entlang diesem Unmärchen."
"4.20.4","Mittwoch, den 23. Juni 2021, 23:08:11","Mond","Den besonderen Ton einer Streichmusik fand er verständlicherweise in dieser Form nicht ganz, zumal auch die Spielweise nicht einfach übertragbar ist.","Mit dem zum Volkslied gewordenen «Der Mond ist aufgegangen» von Matthias Claudius mit der vom Dirigenten bearbeiteten Melodie von Johann Abraham Peter Schulz entliessen Chor und Orchester ihr Publikum, das die Kirche bis auf den letzten Platz gefüllt hatte.",NA
"4.20.4","Mittwoch, den 23. Juni 2021, 23:08:11","Mond","23 Männerriegler des Turnvereins Gossau erlebten am vergangenen Freitag eine kameradschaftliche, wunderbare Abendwanderung auf die Hundwiler Höhe.","Der Aufstieg ab Ramsten begann an einem schönen Abend, und bald schon waren der Mond und die Sterne Begleiter der Turnerschar.","Diese erreichte schon nach knapp Dreiviertelstunden die Hundwiler Höhe."
"4.20.4","Mittwoch, den 23. Juni 2021, 23:08:11","Mond:",NA,"Die Tage werden nun rasch kürzer und zwar von 11 Stunden 42 Minuten auf 10 Stunden und 5 Minuten. Mond: Am 1. und 31.","Oktober ist Neumond."
"4.20.4","Mittwoch, den 23. Juni 2021, 23:08:11","Mond","Am 15.","Oktober befindet sich der Mond ganz nahe (zwei Vollmondbreiten) beim Planeten Saturn.","Für Beobachter die den Ring-planeten am Himmel bisher nicht gefunden haben, ist der Mond ein auffälliger Wegweiser."
"4.20.4","Mittwoch, den 23. Juni 2021, 23:08:11","Mond","Oktober befindet sich der Mond ganz nahe (zwei Vollmondbreiten) beim Planeten Saturn.","Für Beobachter die den Ring-planeten am Himmel bisher nicht gefunden haben, ist der Mond ein auffälliger Wegweiser.","Die Planeten: Merkur ist während der ersten Oktobertage nur noch kurze Zeit bei Dämmerungsbeginn knapp über dem Osthorizont sichtbar."
"4.20.4","Mittwoch, den 23. Juni 2021, 23:08:11","Mond","Die Woche steht unter teilweise widersprüchlichen Konstellationen, doch dürften sich die harmonisierenden Einflüsse durchsetzen, weil sie überwiegen.","Die ausgleichenden Energien verdanken wir hauptsächlich dem zunehmenden Einfluss des Sternzeichens Waage: Dort findet nämlich morgen abend ein Neumond statt, das heisst, Sonne und Mond stehen dann zusammen in der Waage.","Und am Donnerstagmorgen wechselt auch noch Merkur, der Kommunikationsplanet, ins kompromissbereite Sternzeichen Waage."
"4.20.4","Mittwoch, den 23. Juni 2021, 23:08:11","Mond»","Blauringlager im Schülerferienhaus Vorderer Schwäbrig über Gais / Appenzell","Wunderschön, mit Blick auf den Säntis und neben riesigen alten Ahornbäumen, ist das Haus gelegen, das sich Karin Diethelm und die fünf Blauringleiterinnen ausgesucht haben: Dort verbringen 24 Kinder eine Woche mit dem peruanischen Märchen von «Sonne und Mond» und erleben den Wind der Anden.","* Gretel seebass"
"4.20.4","Mittwoch, den 23. Juni 2021, 23:08:11","Mond»,","Der Sonntag begann mit Spielen.","Am Nachmittag hielt Karin Diethelm einen Wortgottesdienst mit dem peruanischen Märchen von «Sonne und Mond», das im Gegensatz zu deutschen Volksmärchen kein «happy end» kennt, es sei denn, man kann sich damit versöhnen, dass ein liebendes Paar unter Opferung des eigenen Lebens Freude und Licht in sein Dorf zurückbringt.","Der junge Fischer schenkt den Bewohnern, die bisher nur Sterne kannten und durch eigene Habgier und Neid immer mehr im Dunkeln leben mussten, das Sonnenlicht."
"4.20.4","Mittwoch, den 23. Juni 2021, 23:08:11","Mond","Von seiner Liebe beflügelt, springt er von Stern zu Stern und sammelt leuchtende Sternensteine, die er auf seinem Schild, der Sonne, befestigt.","Als er von oben seine verlassene Frau traurig vor der Hütte stehen sieht, wirft er ihr sein Herz zu, das sich in den Mond verwandelt.","Sie weint und wird zum Fluss, der ins Meer fliesst."
"4.20.4","Mittwoch, den 23. Juni 2021, 23:08:11","Mond","Sie weint und wird zum Fluss, der ins Meer fliesst.","Wenn sich der Mond in ihm spiegelt, sind die Liebenden für kurze Zeit vereint.","Sternen-Hüpflauf"
"4.20.4","Mittwoch, den 23. Juni 2021, 23:08:11","Mond","Doch holten die Amerikaner unter dem neuen Präsidenten John F.","Kennedy zum «Gegenschlag» aus, indem sie eine bemannte Landung auf dem Mond noch vor dem Jahr 1970 zu ihrem Ziel erklärten.","Es fliesst viel Geld"
